ISO3,Year,AI_Investment,AI_Patents,HighTech_Exports,GDP_Growth,Unemployment
AUS,2016,223,1822,20.6275044745549,2.75564065529868,5.711
AUS,2017,549,2026,18.0967924595604,2.29331030192918,5.592
AUS,2018,575,3419,18.1371018191307,2.87417039499501,5.345
AUS,2019,700,4014,21.2199332352628,2.19401703622717,5.143
AUS,2020,822,5843,21.4757898705835,-0.133531904304775,6.394
AUS,2021,5933,8964,22.3940766008599,2.00694844335034,5.022
AUS,2022,2676,3307,25.8318704116272,4.25304559238732,3.728
AUS,2023,1745,3539,25.2582777120781,3.58382100798981,3.668
AUS,2024,7098,477,25.1586416457084,1.37340773365975,3.942
AUT,2016,29,67,14.4532591877111,2.11721964494312,6.064
AUT,2017,55,84,12.8851997037889,2.27224992038207,5.561
AUT,2018,65,74,11.6500759838374,2.48422114080024,4.933
AUT,2019,204,40,11.4825348767666,1.75497619649288,4.56
AUT,2020,225,123,12.2718957660446,-6.31825509209936,5.201
AUT,2021,1301,128,11.017122140568,4.92309171717903,6.459
AUT,2022,758,69,14.9141702472602,5.33096379400371,4.992
AUT,2023,415,117,15.9232697881169,-0.786244288594673,5.264
AUT,2024,335,104,18.4525766859019,-0.659089573171372,5.2
BEL,2016,16,15,13.3312451633933,1.19350273007754,7.83
BEL,2017,1125,19,11.4917903557909,1.47446761556785,7.09
BEL,2018,125,49,11.7058640594516,1.87796847383565,5.941
BEL,2019,572,11,14.1440138847213,2.4428900448156,5.364
BEL,2020,1231,38,15.2618615789713,-4.7929839083518,5.545
BEL,2021,3547,54,21.3799638763737,6.25445686466593,6.248
BEL,2022,2483,40,22.8179135173265,4.02460852835887,5.57
BEL,2023,3165,44,18.6668227645892,1.56125539542029,5.547
BEL,2024,2326,31,20.3921453422236,1.09775383828703,5.7
CAN,2016,5844,2499,14.0996116936098,1.03855091989323,7.038
CAN,2017,1254,3084,14.3488055729531,3.03383491841392,6.426
CAN,2018,24848,4875,15.4222842964733,2.74296341402246,5.837
CAN,2019,3847,5302,17.1309209127166,1.90843193887251,5.69
CAN,2020,4481,5940,16.7587089775244,-5.03823342794087,9.657
CAN,2021,8116,5902,16.33762888714,5.95052804984759,7.527
CAN,2022,16846,4182,15.1489765380468,4.69541985045903,5.279
CAN,2023,5489,943,16.3717954388263,1.95308552199025,5.415
CAN,2024,8638,351,16.7779029827711,2.04626605401701,6.351
CHE,2016,329,35,27.335457169438,1.91159094214852,4.918
CHE,2017,624,8,14.0238568621919,1.42034612231261,4.797
CHE,2018,815,30,13.3182169315591,3.32743256101493,4.713
CHE,2019,1949,15,12.9094936723953,1.11532187197474,4.394
CHE,2020,874,28,12.8450867094278,-2.2552579425106,4.817
CHE,2021,2641,68,14.2350632729725,6.17622836050151,5.013
CHE,2022,3170,34,29.9881397976664,3.53430286842426,4.122
CHE,2023,1356,52,29.3340286978728,0.825560934124624,4.043
CHE,2024,1585,25,29.6239015157944,1.39033363875791,4.343
CHN,2016,27090,47363,30.2545232296357,6.7736886867727,4.56
CHN,2017,26775,88456,30.9118639785891,6.89123916636191,4.47
CHN,2018,25696,159113,31.5481478595353,6.757806142324,4.31
CHN,2019,16419,260794,30.8186302968419,6.06737806333672,4.56
CHN,2020,29524,406681,31.2766154241293,2.33950385203023,5
CHN,2021,28572,527028,30.2190732796596,8.57038414981781,4.55
CHN,2022,20628,610497,27.7650612563156,3.13385438394069,4.98
CHN,2023,17598,783813,26.5682136542881,5.41600334492955,4.67
CHN,2024,32941,1044027,26.2777380479223,4.95830378788091,4.59
DEU,2016,574,1834,18.0827014214761,2.22222216259371,4.104
DEU,2017,1961,3239,15.850578794452,2.797906720551,3.781
DEU,2018,1702,4781,15.7474335584013,1.13569604599849,3.384
DEU,2019,2009,6170,16.3869405629417,0.977734697038784,3.163
DEU,2020,2817,7240,15.5031959869375,-4.13191443239947,3.881
DEU,2021,9547,7104,15.3851048227765,3.90999994204108,3.594
DEU,2022,8502,8063,17.4981505573659,1.8092581243061,3.137
DEU,2023,6414,8704,17.7818374796623,-0.869647578573321,3.071
DEU,2024,8545,5625,17.9772990379432,-0.495851897260366,3.4
DNK,2016,71,167,14.8833242354843,3.07304549209093,5.989
DNK,2017,203,219,12.4279222825429,3.05647723922718,5.833
DNK,2018,879,251,12.3547301877073,1.8600074900921,5.131
DNK,2019,325,238,12.039996737934,1.71140093932736,5.018
DNK,2020,396,143,13.2343925466707,-1.78010601831291,5.644
DNK,2021,905,95,13.9247982031326,6.50025445756295,5.065
DNK,2022,982,48,15.988289228272,0.443832614908331,4.434
DNK,2023,471,39,17.1321575837404,0.604587766175584,5.094
DNK,2024,546,7,17.6194498489345,3.47783593140312,5.358
ESP,2016,234,476,7.80248141094868,2.91515598595787,19.635
ESP,2017,512,772,6.99949013494316,2.89604207865007,17.224
ESP,2018,304,1038,6.76693548745416,2.39541124478878,15.255
ESP,2019,390,966,6.84640091103014,1.96117850841711,14.104
ESP,2020,476,838,7.76842135531122,-10.9400706350371,15.532
ESP,2021,905,644,9.39320382214351,6.68314420473001,14.914
ESP,2022,2400,476,12.5837187911388,6.37031712129601,13.033
ESP,2023,1276,230,9.56253561613111,2.46085796805582,12.179
ESP,2024,1347,131,9.28447661569937,3.45525405630191,11.4
FIN,2016,39,52,10.052829776298,2.57193414898754,8.818
FIN,2017,180,180,9.6573147330322,3.30337003591039,8.64
FIN,2018,50,314,9.01765355032152,1.19297759742292,7.361
FIN,2019,1753,272,9.21470120593618,1.34973845741737,6.695
FIN,2020,887,257,9.98230025285834,-2.49103605535707,7.759
FIN,2021,700,286,10.2937538536253,2.67634641498897,7.617
FIN,2022,4617,178,9.62392843667484,0.763041912763526,6.719
FIN,2023,225,171,9.71402259549133,-1.28973484453397,7.149
FIN,2024,3483,110,9.28522659633957,0.374566568538427,8.4
FRA,2016,639,482,27.9331801598168,0.860031075424033,10.057
FRA,2017,1513,670,26.0180218998669,2.08361485997399,9.409
FRA,2018,1725,1192,25.9347849255776,1.64590872395887,9.018
FRA,2019,3205,1636,26.9265976407414,2.02744646419237,8.415
FRA,2020,3428,1782,21.1920405248012,-7.44064589948231,8.009
FRA,2021,5434,1911,22.305003085565,6.88233783360239,7.871
FRA,2022,4422,1882,21.9264611257156,2.71676264185913,7.303
FRA,2023,5059,2046,22.3835449721792,1.43921494437743,7.335
FRA,2024,11863,1362,23.1371073769038,1.19046798275883,7.4
GBR,2016,4020,1342,23.5591126028431,2.20652020635357,4.909
GBR,2017,3369,1856,22.6194649609659,3.02322219840339,4.501
GBR,2018,11525,2598,22.3331118559009,1.55133095078786,4.145
GBR,2019,33898,2709,23.0942001089205,1.25629899760824,3.657
GBR,2020,11895,2635,23.0073604990707,-10.047896637362,4.472
GBR,2021,18253,2737,23.8654057182193,8.5431118453255,4.864
GBR,2022,18973,2890,27.1597708192348,5.14970388522993,3.768
GBR,2023,13831,3279,28.8917146113567,0.271650048355255,4.025
GBR,2024,14320,3147,29.233260009076,1.08027716858781,4.361
GRC,2016,52,25,13.7270081175833,-0.0317947678412054,23.514
GRC,2017,0,76,12.1148895809545,1.47312472702352,21.413
GRC,2018,12,53,12.9551889486437,2.06467207892409,19.179
GRC,2019,21,15,12.5222555558252,2.27718065334808,17.045
GRC,2020,65,34,13.2518669714424,-9.19623149726978,15.899
GRC,2021,33,46,12.2848681524393,8.65449786002131,14.656
GRC,2022,160,84,14.4708651762207,5.52198580589408,12.426
GRC,2023,770,130,15.1515337740903,2.13591131996631,11.023
GRC,2024,9,67,15.011494857431,2.0865743380603,10.02
HUN,2016,32,60,17.5764530213374,2.43864141309342,5.115
HUN,2017,20,71,17.2630732776764,4.12418389451805,4.156
HUN,2018,91,46,16.8209858629646,5.60613813768876,3.667
HUN,2019,55,68,17.3787600622128,5.07718495088933,3.411
HUN,2020,49,74,17.4648807221778,-4.33872540024058,4.248
HUN,2021,46,52,16.3975126429279,7.22291580811137,4.021
HUN,2022,106,77,18.4048917258431,4.15238057779229,3.583
HUN,2023,118,52,18.8624569621863,-0.817107370513455,4.096
HUN,2024,49,19,22.5745118826045,0.709070599066038,4.5
IND,2016,429,964,7.66325704378624,8.25630550176662,7.611
IND,2017,458,1723,7.36208114076572,6.79538341902422,7.626
IND,2018,4488,1737,9.04145168835151,6.45385134495295,7.652
IND,2019,2457,83,10.2237396907979,3.87143694070524,6.51
IND,2020,105058,54,11.0325638466576,-5.77772470687303,7.859
IND,2021,3944,16,10.2125596625118,9.68959249191741,6.38
IND,2022,13360,23,12.6822794807287,7.6093649776932,4.822
IND,2023,22141,22,14.9343472986716,7.210224629335,4.172
IND,2024,3495,4,18.5723946411049,7.09927893176518,4.173
ISR,2016,1420,47,21.8196172712291,4.53601939236572,4.723
ISR,2017,1821,158,21.0679788533896,4.34394518932547,4.14
ISR,2018,2128,133,22.5362840096475,4.05349952888294,3.917
ISR,2019,16597,128,23.0916656017552,3.57898762923605,3.731
ISR,2020,5111,160,28.197643074759,-1.80206927953466,4.169
ISR,2021,10912,176,29.5956758722761,9.33534690236249,4.812
ISR,2022,11866,195,29.1090540410523,6.36407234798706,3.695
ISR,2023,3327,340,34.9377735824443,2.06272504731618,3.371
ISR,2024,14791,126,37.2335173751738,0.953618469238535,3.595
ITA,2016,63,128,8.29074616964551,1.23622108511661,11.688
ITA,2017,57,186,7.8052686500986,1.60369995294101,11.211
ITA,2018,99,272,7.47655885813922,0.826646712344115,10.538
ITA,2019,43,387,7.75802459594121,0.429162533780342,9.884
ITA,2020,181,370,8.587243012964,-8.86822122185345,9.192
ITA,2021,514,593,7.77024565516253,8.93106210800055,9.497
ITA,2022,211,446,9.15916231271025,4.82117669913565,8.069
ITA,2023,740,543,9.9836968942283,0.922796543670316,7.627
ITA,2024,1243,243,12.2827088504022,0.783039135276795,6.5
JPN,2016,690,9564,17.620423854837,0.704986495111257,3.132
JPN,2017,1751,16266,17.5942774665502,1.62345062245441,2.822
JPN,2018,1771,23428,17.2970528139362,0.834143845965585,2.467
JPN,2019,2139,26894,17.0303844450023,-0.308496921143259,2.351
JPN,2020,2209,26280,18.6333487896777,-4.28327942675573,2.809
JPN,2021,2144,25233,18.0039913482614,3.56419531474475,2.808
JPN,2022,1170,23255,18.2592615351902,1.33164750653741,2.614
JPN,2023,4158,18844,17.1028060703212,0.720785304749811,2.6
JPN,2024,2906,9036,17.5547415163067,-0.240084236041696,2.5
KOR,2016,258,7519,30.5250266717443,3.17152748983935,3.65
KOR,2017,361,14390,32.546316460744,3.433191763972,3.653
KOR,2018,912,24452,36.3912233579129,3.17611568177327,3.824
KOR,2019,2144,41079,32.4050621736765,2.31380210595475,3.746
KOR,2020,1885,49260,35.6022265413283,-0.700242317542106,3.931
KOR,2021,17358,56929,36.014503674486,4.61296795454287,3.639
KOR,2022,8023,63755,36.118278931217,2.72756456708991,2.857
KOR,2023,8375,68006,30.2762799912651,1.58301467403629,2.675
KOR,2024,5034,37048,36.2582559366674,2.00361101838986,2.784
LUX,2016,0,21,7.96708640448661,4.97819047122638,6.669
LUX,2017,9,16,6.9688410293022,1.31711942298405,5.523
LUX,2018,40,54,6.97324123677991,1.61129891211624,5.589
LUX,2019,5,61,6.57356994288018,2.74932091920692,5.592
LUX,2020,51,88,5.61923854995663,-0.510051634039826,6.766
LUX,2021,1003,212,6.0752020682151,6.92973270801744,5.571
LUX,2022,30,464,5.9904603893658,-1.09741256293819,4.588
LUX,2023,22,536,5.979250210644,0.0994370594039111,5.184
LUX,2024,187,1149,5.0736120319212,0.358614003982225,6.4
MEX,2016,17,331,20.6541116351274,1.7724932254128,3.853
MEX,2017,17,448,21.1680967750153,1.87172854648381,3.419
MEX,2018,0,623,20.8917456407643,1.97208211101069,3.275
MEX,2019,344,756,20.4068584131191,-0.392690513290532,3.477
MEX,2020,177,897,21.5074249745377,-8.35403459379062,4.44
MEX,2021,269,861,19.8113406398377,6.04848347173572,4.019
MEX,2022,501,188,20.5343692257849,3.70975708309098,3.256
MEX,2023,574,92,17.9938785812602,3.1067964131456,2.765
MEX,2024,114,81,19.3037596613987,1.35057631384696,2.678
NLD,2016,379,32,24.0087404866077,2.42428065449427,6.007
NLD,2017,774,32,22.9219025245367,2.78150834679987,4.837
NLD,2018,431,75,22.5132061163246,2.25873158164956,3.832
NLD,2019,1132,152,23.0482346929973,2.3001616053659,3.379
NLD,2020,501,110,23.1639760853804,-3.86799714191608,3.82
NLD,2021,2106,243,22.0023211908273,6.27683593745216,4.209
NLD,2022,2354,375,21.9578380124342,5.00723453395074,3.526
NLD,2023,3020,221,24.5106465274936,-0.598061017580278,3.535
NLD,2024,3126,330,23.4680052763745,1.07383137319854,3.7
NOR,2016,37,17,20.9563395259628,1.29158732771135,4.68
NOR,2017,191,13,21.5970984465797,2.66964474273466,4.164
NOR,2018,99,51,21.1178200437435,1.1103912365576,3.801
NOR,2019,269,49,22.4920145628444,1.46970781954143,3.684
NOR,2020,2141,48,22.0688842926826,-1.36055723261586,4.424
NOR,2021,1929,38,20.5863715899543,4.14314688769197,4.359
NOR,2022,1066,71,23.8849460450338,4.08039770659241,3.231
NOR,2023,501,65,25.6746143774999,0.352695581319765,3.574
NOR,2024,965,44,25.4139359384172,1.42372134524737,4
POL,2016,73,137,10.7154228014203,3.03117767594847,6.141
POL,2017,184,149,10.6673187252222,5.15245773325907,4.867
POL,2018,96,217,10.3950333891095,6.2458584723942,3.835
POL,2019,114,248,9.8529348361967,4.58045817256199,3.267
POL,2020,373,212,9.86616548997166,-2.03556882399977,3.155
POL,2021,184,177,9.44556514280936,6.92718266052501,3.268
POL,2022,368,126,11.6325877772755,5.25545697386036,2.811
POL,2023,90,138,12.1223189735947,0.249610834017872,2.743
POL,2024,121,45,13.5099699026858,3.02841630700273,2.807
PRT,2016,39,68,5.80540001054449,2.00414129666575,11.058
PRT,2017,182,58,5.98812595371655,3.31472008175986,8.878
PRT,2018,86,95,5.28353269409281,2.94628343449202,6.966
PRT,2019,254,79,6.94181475443009,2.74568432648596,6.422
PRT,2020,125,61,7.1147115711238,-8.20463159324387,6.85
PRT,2021,757,34,6.250331404512,5.55875672070374,6.712
PRT,2022,289,30,6.99049160072585,6.98584137580278,6.138
PRT,2023,240,35,6.71084167998399,3.09998745904281,6.498
PRT,2024,306,10,6.77343918950435,2.21459232301109,6.5
ROU,2016,5,9,10.3924513925489,2.85993252302089,5.901
ROU,2017,0,27,9.77959738479042,8.19547826641261,4.927
ROU,2018,0,23,10.0771915943775,5.39452228185675,4.187
ROU,2019,22,33,11.0725693077429,3.96028958497598,3.912
ROU,2020,14,44,11.9370424850698,-3.59802546034757,5.035
ROU,2021,85,59,11.4879408346099,5.58735072538869,5.59
ROU,2022,70,51,11.85733755602,4.18771305104109,5.614
ROU,2023,133,83,12.6747408327123,2.25773416555121,5.589
ROU,2024,33,22,13.4497511493721,0.916003764382594,5.4
SWE,2016,141,78,17.8376016375053,2.13117914731151,6.99
SWE,2017,178,82,15.1103424459526,1.88282184966646,6.718
SWE,2018,372,229,14.1643140590828,1.7702553546772,6.365
SWE,2019,278,135,14.5057835745267,2.60823012869524,6.833
SWE,2020,27723,213,15.1359508380239,-1.93379704032216,8.291
SWE,2021,15992,181,13.9348317468926,5.2258643028773,8.803
SWE,2022,1119,231,17.2566541363702,1.25543620445816,7.417
SWE,2023,565,213,17.6238520277113,-0.204061304891439,7.611
SWE,2024,7843,121,17.6524551082203,1.01779633304398,8.4
TUR,2016,140,34,3.03814599740941,3.32366508200445,10.899
TUR,2017,244,68,3.23291293505096,7.82585730002594,10.919
TUR,2018,2031,105,2.67353129854845,3.46815306092219,10.956
TUR,2019,31,138,3.02817669225913,1.30162365464503,13.73
TUR,2020,21,267,3.15277011329118,1.80306247087255,13.148
TUR,2021,175,357,3.28362739970141,11.811094450607,11.969
TUR,2022,273,344,3.66403554879462,5.44122511322401,10.465
TUR,2023,285,688,4.51829098986852,5.04512369812289,9.388
TUR,2024,553,590,5.13775956987065,3.3276230893799,8.8
USA,2016,46909,43577,22.4192942002286,1.81945147909089,4.869
USA,2017,52553,70584,19.2659699620243,2.45762230126449,4.355
USA,2018,178663,94681,18.4842699258676,2.96650506701943,3.896
USA,2019,134555,104208,18.6853939276571,2.58382533052225,3.669
USA,2020,127122,104899,19.4939761609452,-2.081375977796,8.055
USA,2021,356753,92780,19.9014614131792,6.15202247867526,5.349
USA,2022,218543,70084,20.5789833007379,2.52421385073222,3.65
USA,2023,224516,45742,21.8459878355521,2.93436322440155,3.638
USA,2024,336172,29283,24.322982844202,2.79318715363841,4.022
ZAF,2016,1,21,6.65712319984824,0.664552307858116,26.536
ZAF,2017,220,28,5.67982442723305,1.15794695181735,27.035
ZAF,2018,125,33,5.27331266850248,1.55678384721676,26.906
ZAF,2019,44,13,4.89552263425361,0.25993557687633,28.468
ZAF,2020,266,33,5.62171975958479,-6.1689177146757,29.217
ZAF,2021,322,51,5.54756049045268,4.85864865060148,34.007
ZAF,2022,879,149,5.52196923336353,2.05813661692193,33.268
ZAF,2023,107,206,4.95551571209936,0.80610455095804,32.098
ZAF,2024,38,278,5.70923344153222,0.534843531905139,32.279